id;name;city;category;description;budget;duration_hours;best_time;tags;tips;
TAN001;Kasbah Museum;Tanger;culture;Ancien palais du sultan transformé en musée ethnographique. Admirez les mosaïques, les tapis berbères et les artefacts historiques dans un cadre architectural sublime.;medium;2;morning;tanger,culture,history,architecture,museum;Visitez tôt pour éviter la foule. Prenez un guide pour comprendre l'histoire des collections.;
TAN002;Médina de Tanger;Tanger;shopping;Labyrinthe de ruelles étroites et animées. Découvrez des échoppes d'artisanat, des épices colorées et l'atmosphère authentique de la vieille ville.;low;3.5;afternoon;tanger,shopping,culture,old town,markets;Négociez les prix, commencez à 50% du prix annoncé. Portez des chaussures confortables.;
TAN003;Grottes d'Hercule;Tanger;nature;Cavités maritimes spectaculaires avec une ouverture en forme d'Afrique. Selon la légende, Hercule s'y reposait entre ses travaux.;low;1.5;sunset;tanger,nature,beach,caves,legend;Vérifiez les horaires des marées. Le coucher de soleil offre des vues magnifiques sur l'océan.;
TAN004;Cap Spartel;Tanger;nature;Point de rencontre entre l'océan Atlantique et la mer Méditerranée. Phare historique et sentiers de randonnée côtiers.;free;2;evening;tanger,nature,hiking,lighthouse,coast;Apportez un veste, le vent peut être fort. Parfait pour la photographie panoramique.;
TAN005;American Legation Museum;Tanger;histoire;Seul monument historique américain situé hors des États-Unis. Musée dédié aux relations diplomatiques maroco-américaines.;free;1.5;afternoon;tanger,history,diplomacy,museum,architecture;Demandez la visite guidée en anglais ou français. Consultez les expositions temporaires.;
TAN006;Café Hafa;Tanger;culture;Café légendaire fondé en 1921. Terrasse en escalier avec vue sur la Méditerranée, fréquenté par artistes et écrivains célèbres.;low;1.5;sunset;tanger,cafe,view,artists,literature;Commande le thé à la menthe traditionnel. Évitez les heures de pointe (16h-18h).;
TAN007;Plage Municipale;Tanger;nature;Longue étendue de sable fin idéale pour la promenade, les sports nautiques ou la détente face au détroit de Gibraltar.;free;2.5;morning;tanger,beach,sports,relaxation,sea;Location de planches et équipements disponibles. Eaux parfois fraîches même en été.;
TAN008;Grand Socco;Tanger;histoire;Place historique et ancien marché, point de transition entre la ville nouvelle et la médina. Architecture coloniale remarquable.;free;0.5;morning;tanger,history,architecture,plaza,colonial;Observez le mélange architectural. Visitez le marché aux fleurs adjacent.;
TAN009;Musée de la Photographie;Tanger;culture;Collection unique de photographies historiques de Tanger et du Maroc du 19e siècle à nos jours.;medium;1.5;afternoon;tanger,photography,art,history,exhibitions;Photos autorisées sans flash. Vérifiez les horaires des visites guidées.;
TAN010;Forbes Museum of Military Miniatures;Tanger;histoire;Collection privée de 115 000 miniatures militaires retraçant les batailles historiques de l'Antiquité à la Seconde Guerre mondiale.;high;2;afternoon;tanger,history,military,miniatures,collection;Réservation recommandée pour les groupes. Collection impressionnante pour les amateurs d'histoire militaire.;
TAN011;Marché Central;Tanger;shopping;Marché couvert coloré offrant fruits de mer frais, épices, olives et produits locaux. Expérience sensorielle authentique.;low;1;morning;tanger,market,food,local,seafood;Visitez le matin pour les produits les plus frais. Goûtez les tapenades locales.;
TAN012;Église Saint-André;Tanger;religion;Église anglicane construite en 1894, mélange unique d'architecture islamique et chrétienne avec des citations du Coran sur les murs.;free;1;afternoon;tanger,religion,architecture,history,anglican;Remarquez les inscriptions arabes sur les arches. Jardin paisible attenant.;
TAN013;Promenade de la Corniche;Tanger;nature;Longue promenade côtière offrant des vues spectaculaires sur le détroit, parfaite pour le jogging ou les balades romantiques.;free;1.5;evening;tanger,promenade,sea,view,sunset;Meilleure visite au coucher du soleil. Nombreux cafés avec terrasses le long du parcours.;
TAN014;Dar el Makhzen;Tanger;culture;Ancien palais royal transformé en musée des arts marocains. Magnifiques jardins andalous et collections de céramiques.;medium;2;morning;tanger,palace,art,gardens,andalusian;Admirez les zelliges et les boiseries sculptées. Les jardins sont particulièrement beaux au printemps.;
TAN015;Rue de la Liberté;Tanger;shopping;Artère principale commerçante avec boutiques modernes, galeries d'art et cafés chic dans l'ancien quartier européen.;medium;1.5;afternoon;tanger,shopping,fashion,art,cafes;Parfait pour le shopping de marques internationales. Plusieurs galeries d'art contemporain à découvrir.;
TAN016;Jardin de la Mendoubia;Tanger;nature;Jardin public historique avec des arbres centenaires et un kiosque à musique. Havre de paix au cœur de la médina.;free;0.75;morning;tanger,garden,park,peace,nature;Idéal pour une pause tranquille. Les arbres offrent une ombre agréable en été.;
TAN017;Port de Tanger-Ville;Tanger;shopping;Port animé avec vue sur les ferries et l'activité maritime. Marché aux poissons et restaurants de fruits de mer frais.;low;1.5;morning;tanger,port,seafood,fishing,maritime;Assistez à la vente aux enchères du poisson tôt le matin. Restaurants recommandés pour les grillades de poisson frais.;
TAN018;Mosquée Sidi Bou Abib;Tanger;religion;Mosquée historique au minaret distinctif visible de loin. Architecture traditionnelle marocaine avec influences andalouses.;free;0.5;afternoon;tanger,mosque,architecture,religion,landmark;Visite extérieure seulement pour les non-musulmans. Meilleure vue photographique depuis la colline voisine.;
TAN019;Colline du Marshan;Tanger;nature;Point de vue panoramique sur toute la ville et le détroit. Quartier résidentiel historique avec des villas coloniales.;free;1;evening;tanger,viewpoint,panoramic,residential,colonial;Apportez des jumelles pour observer le trafic maritime. Quartier calme pour la promenade.;
TAN020;Cinéma Rif;Tanger;culture;Cinéma historique art déco rénové, maintenant centre culturel avec programmation de films indépendants et événements artistiques.;low;2;evening;tanger,cinema,art deco,culture,events;Consultez la programmation à l'avance. Café sur place avec ambiance rétro.;
TAN021;Petit Socco;Tanger;shopping;Petite place animée au cœur de la médina, ancien lieu de rencontre des écrivains et espions internationaux. Cafés historiques et ambiance nostalgique.;low;1;afternoon;tanger,plaza,history,cafe,literature;Asseyez-vous à la terrasse du Café Central. Lisez les plaques historiques sur les bâtiments.;
TAN022;Plage Merkala;Tanger;nature;Plage plus sauvage et moins fréquentée que la plage principale. Parfaite pour le surf et les bains de soleil tranquilles.;free;2;morning;tanger,beach,surf,quiet,nature;Meilleur spot de surf pour débutants. Moins d'infrastructures, apportez votre propre parasol.;
TAN023;Cap Malabata;Tanger;nature;Pointe rocheuse avec phare et vue imprenable sur l'entrée du détroit. Sentiers de randonnée côtiers spectaculaires.;free;2.5;sunset;tanger,hiking,lighthouse,cliffs,view;Chaussures de randonnée recommandées. Attention au vent sur les falaises.;
TAN024;Marché aux Puces;Tanger;shopping;Marché aux puces coloré où l'on trouve de tout : antiquités, vêtements vintage, livres anciens et objets insolites.;low;1.5;morning;tanger,flea market,vintage,antiques,bargain;Négociation essentielle. Cherchez les étals de livres anciens en français.;
TAN025;Musée d'Art Contemporain;Tanger;culture;Centre d'art présentant des œuvres d'artistes marocains et internationaux contemporains dans un bâtiment moderne.;medium;1.5;afternoon;tanger,contemporary art,exhibitions,modern,creativity;Vérifiez les expositions temporaires. Ateliers créatifs parfois organisés le week-end.;
TAN026;Tombeaux Phéniciens;Tanger;histoire;Nécropole phénicienne du 6ème siècle avant JC creusée dans la falaise avec vue sur la mer. Site archéologique fascinant.;free;1;morning;tanger,archaeology,phoenician,history,cliff;Accès par un escalier raide. Meilleure lumière pour la photographie en fin d'après-midi.;
TAN027;Baie de Tanger;Tanger;nature;Large baie naturelle offrant une vue panoramique sur toute la ville. Parfaite pour les photos de paysage et l'observation des oiseaux migrateurs.;free;1;evening;tanger,bay,panorama,birds,wildlife;Apportez des jumelles pour observer les oiseaux. Site populaire pour les photographes.;
TAN028;Souk Dakhil;Tanger;shopping;Marché couvert spécialisé dans les produits alimentaires : épices, fruits secs, huiles d'olive et pâtisseries traditionnelles.;low;1;morning;tanger,food market,spices,olive oil,sweets;Goûtez les amandes sucrées et les dattes. Demandez des échantillons avant d'acheter.;
TAN029;Villa Harris Museum;Tanger;histoire;Ancienne résidence du journaliste américain Walter Harris, transformée en musée sur l'histoire diplomatique de Tanger.;medium;1.5;afternoon;tanger,history,diplomacy,villa,colonial;Jardins bien entretenus. Collection de documents historiques uniques sur l'histoire de Tanger.;
TAN030;Jardin Ibn Khaldoun;Tanger;nature;Jardin public moderne avec fontaines, aires de jeux pour enfants et espaces de pique-nique. Parfait pour les familles.;free;1;morning;tanger,garden,family,children,picnic;Aire de jeux sécurisée. Tables de pique-nique disponibles.;
TAN031;Rue des Siaghines;Tanger;shopping;Rue des bijoutiers traditionnels spécialisée dans l'argent marocain, l'or et les pierres précieuses. Artisanat de qualité.;high;1;afternoon;tanger,jewelry,gold,silver,craftsmanship;Comparez les prix dans plusieurs boutiques. Demandez les certificats d'authenticité pour les pierres précieuses.;
TAN032;Parc Perdicaris;Tanger;nature;Parc forestier de 70 hectares avec sentiers pédestres, végétation méditerranéenne et vue sur l'océan. Ancienne propriété du diplomate grec Perdicaris.;free;2;morning;tanger,park,forest,hiking,nature;Sentiers bien balisés. Apportez de l'eau et des chaussures de marche.;
TAN033;Bibliothèque de Tanger;Tanger;culture;Bibliothèque historique abritant des manuscrits anciens et une collection importante sur l'histoire du Maroc.;free;1;afternoon;tanger,library,books,manuscripts,research;Accès limité à certaines collections. Consultation sur rendez-vous pour les documents anciens.;
TAN034;Plage Sidi Kacem;Tanger;nature;Petite plage isolée entourée de falaises, accessible par un sentier pittoresque. Eaux claires et paysage sauvage.;free;3;morning;tanger,beach,isolated,cliffs,hiking;Apportez tout ce dont vous avez besoin (nourriture, eau). Pas d'infrastructures sur place.;
TAN035;Musée des Arts Populaires;Tanger;culture;Musée consacré aux arts et traditions populaires marocains : costumes, instruments de musique, objets du quotidien.;low;1.5;afternoon;tanger,folk art,crafts,tradition,culture;Exposition permanente très pédagogique. Ateliers d'artisanat parfois organisés.;
TAN036;Marché aux Fleurs;Tanger;shopping;Marché coloré spécialisé dans les plantes méditerranéennes, fleurs locales et produits de jardinage.;low;0.75;morning;tanger,flowers,plants,market,gardening;Meilleur choix tôt le matin. Demandez conseil sur les plantes adaptées au climat local.;
TAN037;Phare de Cap Spartel;Tanger;histoire;Phare historique construit en 1864, toujours en activité. Vue à 360 degrés sur l'océan et la côte.;free;1;afternoon;tanger,lighthouse,history,view,maritime;Accès limité à l'intérieur. Meilleure vue par temps clair.;
TAN038;Galerie d'Art Delacroix;Tanger;culture;Galerie d'art moderne présentant des œuvres d'artistes marocains émergents et établis dans un espace contemporain.;free;1;afternoon;tanger,art gallery,contemporary,exhibitions,local artists;Expositions renouvelées mensuellement. Possibilité d'acheter des œuvres d'artistes locaux.;
TAN039;Forêt de Rmilate;Tanger;nature;Forêt de pins et d'eucalyptus avec sentiers de randonnée, aires de pique-nique et vue sur l'océan. Refuge pour la faune locale.;free;2.5;morning;tanger,forest,picnic,hiking,wildlife;Parfait pour un pique-nique en famille. Observez les écureuils et les oiseaux forestiers.;
TAN040;Cimetière Anglais;Tanger;histoire;Cimetière historique datant du 18ème siècle avec des tombes de diplomates, marchands et résidents étrangers de Tanger.;free;1;morning;tanger,cemetery,history,colonial,memorial;Atmosphère paisible et contemplative. Certaines inscriptions racontent des histoires fascinantes.;
TAN041;Marché de la Poterie;Tanger;shopping;Marché spécialisé dans la poterie marocaine traditionnelle : tajines, plats décorés, vases et objets en céramique.;low;1;afternoon;tanger,pottery,ceramics,crafts,traditional;Fragile, prévoyez un bon emballage. Les prix varient selon la complexité des motifs.;
TAN042;Plaza de Toros;Tanger;histoire;Ancienne arènes de corrida construite en 1950, aujourd'hui utilisée pour des événements culturels et des concerts.;free;0.5;afternoon;tanger,bullring,architecture,events,history;Visite extérieure seulement. Consultez la programmation des événements.;
TAN043;Jardin du Sultan;Tanger;nature;Jardin botanique privé avec collection de plantes exotiques, bassins à poissons et architecture paysagère raffinée.;medium;1.5;morning;tanger,botanical garden,plants,ponds,landscaping;Visite guidée recommandée. Paiement en espèces uniquement.;
TAN044;Musée de la Mer;Tanger;culture;Musée consacré à la vie marine du détroit de Gibraltar, avec aquariums et expositions sur l'écosystème maritime.;medium;2;afternoon;tanger,marine, aquarium,ecosystem,education;Idéal pour les enfants. Présentations des soigneurs à heures fixes.;
TAN045;Rue de la Kasbah;Tanger;shopping;Rue commerçante menant à la Kasbah, spécialisée dans les tapis berbères, les lanternes en cuivre et l'artisanat traditionnel.;medium;1.5;morning;tanger,carpets,crafts,shopping,traditional;Négociation courante. Examinez attentivement la qualité des tapis.;
TAN046;Point de vue des Grottes;Tanger;nature;Belvédère offrant une vue plongeante sur les Grottes d'Hercule et la côte atlantique. Parfait pour les photos.;free;0.5;sunset;tanger,viewpoint,photography,caves,cliffs;Arrivez tôt pour avoir une bonne place au coucher du soleil. Attention au vent.;
TAN047;Atelier de Tissage;Tanger;culture;Atelier traditionnel où l'on peut observer le tissage des tapis berbères selon des méthodes ancestrales.;free;1;morning;tanger,weaving,carpets,crafts,demonstration;Démonstrations gratuites. Possibilité d'acheter des tapis directement des artisans.;
TAN048;Plage Robinson;Tanger;nature;Plage isolée accessible uniquement par bateau ou sentier escarpé. Sable fin et eaux cristallines, peu fréquentée.;free;4;all day;tanger,beach,isolated,boat,crystal water;Prévoyez toute la journée. Emportez nourriture, eau et protection solaire.;
TAN049;Musée de la Monnaie;Tanger;histoire;Musée présentant l'histoire de la monnaie au Maroc, avec collection de pièces anciennes et billets historiques.;free;1;afternoon;tanger,money,coins,history,numismatics;Collection intéressante pour les amateurs. Évolution fascinante des devises marocaines.;
TAN050;Marché aux Oiseaux;Tanger;shopping;Marché traditionnel où l'on trouve des oiseaux chanteurs, des pigeons voyageurs et du matériel d'élevage.;low;1;morning;tanger,birds,market,tradition,animals;Animé surtout le week-end. Observez les passionnés échanger des conseils.;
TAN051;Jardin des Oiseaux;Tanger;nature;Parc ornithologique avec volières contenant des espèces d'oiseaux marocains et méditerranéens.;low;1.5;morning;tanger,birds,park,aviary,wildlife;Meilleure visite le matin quand les oiseaux sont actifs. Prévoyez des jumelles.;
TAN052;Galeries Lafayette;Tanger;shopping;Grand magasin à l'européenne offrant marques internationales, produits de beauté et épicerie fine.;high;2;afternoon;tanger,department store,shopping,brands,luxury;Air conditionné agréable en été. Section épicerie fine intéressante pour les produits importés.;
TAN053;Sentier Côtier;Tanger;nature;Sentier de randonnée de 8 km le long de la côte, reliant plusieurs plages et points de vue spectaculaires.;free;3;morning;tanger,hiking,coast,trail,exercise;Chaussures de randonnée indispensables. Prévoyez suffisamment d'eau.;
TAN054;Musée de la Poste;Tanger;histoire;Musée retraçant l'histoire postale du Maroc, avec collection de timbres anciens et de machines à affranchir.;free;1;afternoon;tanger,post,stamps,history,philately;Collection de timbres rares. Histoire fascinante des communications au Maroc.;
TAN055;Marché Nocturne;Tanger;shopping;Marché en plein air qui s'anime à la nuit tombée, avec food trucks, artisanat et animations musicales.;low;2;evening;tanger,night market,food,entertainment,street food;Atmosphère festive. Essayez les spécialités culinaires des différents stands.;
TAN056;Parc d'Attractions;Tanger;nature;Parc de loisirs familial avec manèges, jeux pour enfants et espaces verts. Parfait pour une journée en famille.;medium;3;all day;tanger,amusement park,family,rides,children;Billet journée économique. Évitez les week-ends très fréquentés.;
TAN057;Observatoire Astronomique;Tanger;culture;Observatoire public proposant des séances d'observation des étoiles et planètes avec télescopes professionnels.;medium;2;evening;tanger,astronomy,stars,observatory,universe;Réservation obligatoire. Meilleure visibilité par nuit sans lune.;
TAN058;Atelier de Cuivre;Tanger;shopping;Atelier où l'on peut voir les artisans travailler le cuivre et acheter des objets martelés à la main.;low;1;morning;tanger,copper,crafts,workshop,handmade;Démonstrations gratuites. Belles pièces de décoration à prix raisonnables.;
TAN059;Piscine Naturelle;Tanger;nature;Bassin naturel formé dans les rochers, rempli d'eau de mer à marée haute. Baignade sécurisée dans un cadre naturel.;free;1.5;afternoon;tanger,rock pool,swimming,nature,sea;Vérifiez les horaires des marées. Eau plus chaude que dans l'océan.;
TAN060;Musée du Costume;Tanger;culture;Musée présentant les costumes traditionnels des différentes régions du Maroc, avec explications sur les significations culturelles.;low;1.5;afternoon;tanger,costumes,tradition,textiles,culture;Détails fascinants sur les symboles et techniques de broderie. Certains costumes sont très anciens.;
TAN061;Circuit Street Art;Tanger;culture;Parcours à travers la ville pour découvrir les fresques murales et œuvres de street art d'artistes locaux et internationaux.;free;2;afternoon;tanger,street art,murals,urban,walking tour;Carte du circuit disponible à l'office de tourisme. Meilleure lumière en fin d'après-midi pour les photos.;
TAN062;Marché Bio;Tanger;shopping;Marché de produits biologiques locaux : légumes, fruits, huile d'olive et produits transformés sans pesticides.;medium;1;morning;tanger,organic,farmers market,local,healthy;Produits de saison. Rencontrez directement les producteurs.;
TAN063;Jardin Zen;Tanger;nature;Jardin d'inspiration japonaise avec arrangements minéraux, ponts et espaces de méditation. Havre de tranquillité.;free;1;morning;tanger,japanese garden,meditation,peace,landscaping;Atmosphère silencieuse. Parfait pour la lecture ou la contemplation.;
TAN064;Musée du Jouet;Tanger;culture;Collection de jouets traditionnels marocains et internationaux du 19ème et 20ème siècle. Nostalgie et histoire du jeu.;low;1.5;afternoon;tanger,toys,nostalgia,history,children;Idéal pour les familles. Certains jouets sont interactifs.;
TAN065;Port de Pêche;Tanger;shopping;Port traditionnel où les pêcheurs débarquent leur prise quotidienne. Ambiance authentique et possibilité d'acheter du poisson ultra-frais.;low;1;morning;tanger,fishing port,fresh fish,local,authentic;Arrivez tôt pour voir les bateaux rentrer. Prix très intéressants pour le poisson frais.;
TAN066;Parc des Papillons;Tanger;nature;Serre tropicale abritant des centaines de papillons exotiques volant en liberté dans un jardin luxuriant.;medium;1.5;morning;tanger,butterflies,tropical,garden,insects;Température chaude à l'intérieur. Les papillons sont plus actifs le matin.;
TAN067;Galerie de Calligraphie;Tanger;culture;Atelier-galerie spécialisé dans la calligraphie arabe, avec démonstrations et œuvres à vendre.;free;1;afternoon;tanger,calligraphy,arabic,art,workshop;Démonstrations impressionnantes. Cours d'initiation disponibles.;
TAN068;Plage des Surfers;Tanger;nature;Spot de surf réputé avec vagues constantes. Écoles de surf et location de matériel sur place.;medium;2.5;morning;tanger,surf,beach,sports,lessons;Location d'équipement disponible. Cours pour tous niveaux. Vagues plus calmes le matin.;
TAN069;Musée de la Musique;Tanger;culture;Musée consacré aux instruments de musique traditionnels marocains, avec démonstrations sonores et historique des styles musicaux.;low;1.5;afternoon;tanger,music,instruments,tradition,sound;Démonstrations interactives. Essayez certains instruments simples.;
TAN070;Marché aux Livres;Tanger;shopping;Marché aux livres d'occasion avec ouvrages en français, arabe, espagnol et anglais. Chasse aux trésors littéraires.;low;1.5;afternoon;tanger,books,second hand,literature,bargain;Cherchez dans les cartons sous les étals. Négociation possible sur les lots.;
TAN071;Parc Aventure;Tanger;nature;Parcours acrobatique dans les arbres avec tyroliennes, ponts de singe et autres défis. Pour adrénaline et plaisir.;high;2.5;morning;tanger,adventure park,zipline,treetop,thrill;Équipement fourni. Convient aux enfants à partir de 6 ans. Réservation recommandée.;
TAN072;Atelier de Poterie;Tanger;culture;Atelier où l'on peut participer à des cours de poterie et créer ses propres objets en céramique.;medium;2;afternoon;tanger,pottery,workshop,creative,hands-on;Réservation nécessaire. Les créations sont cuites et peuvent être récupérées quelques jours après.;
TAN073;Jardin Méditerranéen;Tanger;nature;Jardin paysager présentant la flore typique du bassin méditerranéen, avec étiquetage botanique éducatif.;free;1.5;morning;tanger,mediterranean,garden,plants,botanical;Excellente documentation sur les plantes. Parfait pour les amateurs de botanique.;
TAN074;Boutique de Parfums;Tanger;shopping;Boutique artisanale créant des parfums à base d'ingrédients naturels locaux : rose, jasmin, orange, cèdre.;high;1;afternoon;tanger,perfume,fragrance,artisanal,scents;Créez votre propre fragrance. Atelier de création sur réservation.;
TAN075;Centre Équestre;Tanger;nature;Centre équestre proposant des balades à cheval le long de la plage et dans la forêt voisine.;high;2;morning;tanger,horse riding,beach,forest,animals;Convient aux débutants. Réservation nécessaire. Équipement fourni.;
TAN076;Galerie de Photographie;Tanger;culture;Galerie spécialisée dans la photographie artistique, présentant des travaux de photographes marocains et internationaux.;free;1;afternoon;tanger,photography,gallery,art,exhibitions;Expositions temporaires de qualité. Certaines œuvres sont en vente.;
TAN077;Marché Artisanal;Tanger;shopping;Marché regroupant des artisans de toute la région présentant leurs créations : bois sculpté, cuir, vannerie, bijoux.;medium;2;afternoon;tanger,crafts,artisans,handmade,local;Rencontrez les artisans. Qualité supérieure aux souks touristiques.;
TAN078;Parc Floral;Tanger;nature;Parc paysager avec massifs de fleurs thématiques, roseraie et collections de plantes à fleurs spectaculaires.;low;1.5;morning;tanger,flowers,rose garden,landscaping,color;Meilleure visite au printemps. Parfait pour la photographie de fleurs.;
TAN079;Musée des Sciences;Tanger;culture;Musée interactif consacré aux sciences naturelles et physiques, avec expériences pratiques pour tous les âges.;medium;2;all day;tanger,science,museum,interactive,education;Idéal pour les enfants. Nombreuses activités pratiques.;
TAN080;Circuit Culinaire;Tanger;shopping;Visite guidée des meilleures échoppes et restaurants de la médina pour découvrir la gastronomie marocaine authentique.;high;3;evening;tanger,food tour,gastronomy,tasting,culinary;Arrivez avec l'estomac vide. Goûtez des spécialités que vous ne trouveriez pas seul.;
TAN081;Jardin des Sens;Tanger;nature;Jardin spécialement conçu pour les malvoyants, avec plantes aromatiques et textures variées pour une expérience sensorielle.;free;1;morning;tanger,sensory garden,aromatic,texture,accessible;Expérience unique. Description en braille disponible.;
TAN082;Atelier de Mosaïque;Tanger;culture;Atelier où l'on apprend les techniques traditionnelles de la mosaïque marocaine (zellige). Création de petits objets souvenirs.;medium;2;afternoon;tanger,mosaic,workshop,zellige,craft;Réservation nécessaire. Les pièces créées font d'excellents souvenirs.;
TAN083;Plage de Sable d'Or;Tanger;nature;Plage nommée pour la couleur dorée de son sable fin. Eaux calmes et paysage préservé.;free;2;morning;tanger,beach,golden sand,calm,pristine;Moins fréquentée que les plages centrales. Parfaite pour la détente.;
TAN084;Musée de l'Automobile;Tanger;histoire;Collection de voitures anciennes ayant appartenu à des personnalités de Tanger ou illustrant l'histoire automobile locale.;medium;1.5;afternoon;tanger,cars,vintage,automotive,history;Collection privée bien présentée. Belles pièces des années 1920-1960.;
TAN085;Circuit Historique;Tanger;culture;Visite guidée des principaux sites historiques de Tanger, des périodes phénicienne à contemporaine.;medium;3;morning;tanger,history tour,guided,heritage,culture;Guide professionnel recommandé. Bonne introduction à l'histoire complexe de la ville.;
TAN086;Jardin Tropical;Tanger;nature;Serre et jardin extérieur présentant des plantes tropicales et exotiques adaptées au climat méditerranéen.;low;1.5;morning;tanger,tropical plants,greenhouse,exotic,garden;Humidité élevée dans les serres. Plantes spectaculaires et rares.;
TAN087;Boutique de Thé;Tanger;shopping;Boutique spécialisée dans les thés marocains et internationaux, avec dégustation et conseils d'experts.;medium;1;afternoon;tanger,tea,tasting,specialty,brewing;Dégustation gratuite. Apprenez l'art du thé à la menthe.;
TAN088;Parc Canin;Tanger;nature;Parc spécialement aménagé pour les chiens, avec espace de jeux et obstacles. Socialisation canine contrôlée.;free;1;morning;tanger,dog park,pets,animals,socialization;Pour chiens vaccinés et sociables. Eau disponible sur place.;
TAN089;Atelier de Cuir;Tanger;culture;Atelier traditionnel de maroquinerie où l'on peut voir la fabrication de sacs, ceintures et autres articles en cuir.;low;1;morning;tanger,leather,workshop,craft,bags;Qualité du cuir variable. Produits faits sur mesure possibles.;
TAN090;Plage des Dunes;Tanger;nature;Plage caractérisée par ses dunes de sable mobiles. Paysage changeant au gré des vents.;free;1.5;evening;tanger,beach,dunes,sand,wind;Attention au vent qui peut être fort. Paysage spectaculaire au coucher du soleil.;
TAN091;Musée de la Céramique;Tanger;culture;Musée consacré à l'histoire et aux techniques de la céramique marocaine, des poteries berbères aux faïences de Fès.;low;1.5;afternoon;tanger,ceramics,pottery,history,techniques;Évolution fascinante des styles et techniques. Certaines pièces sont très anciennes.;
TAN092;Circuit Architectural;Tanger;culture;Découverte des différents styles architecturaux de Tanger : mauresque, art déco, colonial, moderne.;free;2.5;afternoon;tanger,architecture,walking tour,styles,buildings;Carte des bâtiments remarquables disponible. Meilleure lumière en fin d'après-midi.;
TAN093;Jardin des Cactus;Tanger;nature;Collection de cactus et plantes succulentes du Maroc et d'ailleurs, dans un jardin paysager spécialement aménagé.;free;1;morning;tanger,cactus,succulents,garden,drought tolerant;Plantes adaptées au climat aride. Étonnante variété de formes et de tailles.;
TAN094;Atelier de Broderie;Tanger;culture;Atelier où des artisanes réalisent des broderies traditionnelles marocaines selon des motifs et techniques ancestrales.;low;1;morning;tanger,embroidery,needlework,traditional,women;Démonstrations patientes. Produits finis de grande qualité.;
TAN095;Plage des Rochers;Tanger;nature;Plage rocheuse idéale pour la pêche à pied et l'observation des petites créatures marines à marée basse.;free;1.5;low tide;tanger,rocky beach,tide pools,marine life,exploring;Chaussures aquatiques recommandées. Observez sans toucher l'écosystème fragile.;
TAN096;Musée de la Navigation;Tanger;histoire;Musée retraçant l'histoire maritime de Tanger, des navigateurs phéniciens au port moderne.;medium;2;afternoon;tanger,maritime,navigation,history,ships;Maquettes de bateaux impressionnantes. Histoire du détroit de Gibraltar.;
TAN097;Circuit Littéraire;Tanger;culture;Visite des lieux fréquentés par les écrivains célèbres ayant vécu à Tanger : Bowles, Burroughs, Ginsberg.;medium;2.5;morning;tanger,literature,writers,history,culture;Guide spécialisé recommandé. Lecture préalable des auteurs ajoute à l'expérience.;
TAN098;Jardin des Herbes;Tanger;nature;Jardin de plantes médicinales et aromatiques utilisées dans la médecine traditionnelle marocaine et la cuisine.;free;1;morning;tanger,herbs,medicinal plants,aromatic,cooking;Étiquettes avec noms et usages. Ateliers sur les plantes médicinales parfois organisés.;
TAN099;Atelier de Verre;Tanger;culture;Atelier de soufflage de verre où l'on peut observer la création d'objets en verre soufflé à la bouche.;low;1;afternoon;tanger,glass blowing,workshop,craft,hot glass;Chaleur intense près du four. Démonstrations spectaculaires.;
TAN100;Plage Secrète;Tanger;nature;Petite crique cachée accessible seulement par un sentier discret. Intimité et beauté naturelle préservée.;free;2.5;all day;tanger,hidden beach,cove,secluded,privacy;Difficile à trouver sans indication. Apportez tout ce dont vous avez besoin.;
TAN101;Musée des Traditions;Tanger;culture;Musée ethnographique présentant les coutumes, rituels et traditions des différentes communautés de Tanger.;low;1.5;afternoon;tanger,ethnography,traditions,customs,communities;Compréhension approfondie de la société marocaine. Reconstitutions de scènes de la vie quotidienne.;
TAN102;Circuit des Épices;Tanger;shopping;Visite guidée des marchés d'épices avec explications sur les usages culinaires et médicinaux des différentes épices.;medium;2;morning;tanger,spices,tour,culinary,medicine;Ne sentez pas directement les épices en poudre. Achetez en petites quantités pour tester.;
TAN103;Jardin des Palmiers;Tanger;nature;Allée majestueuse de palmiers dattiers centenaires créant un effet architectural naturel impressionnant.;free;0.75;evening;tanger,palm trees,avenue,landmark,photography;Effet d'ombre et lumière magnifique en fin de journée. Photos panoramiques recommandées.;
TAN104;Atelier de Vannerie;Tanger;culture;Atelier où des artisans tissent des paniers, corbeilles et objets en osier et autres fibres naturelles.;low;1;morning;tanger,basketry,weaving,natural fibers,craft;Techniques transmises de génération en génération. Utilitaires et décoratifs.;
TAN105;Plage des Coquillages;Tanger;nature;Plage connue pour l'abondance et la variété des coquillages qui s'y échouent. Paradis pour les collectionneurs.;free;1.5;morning;tanger,shells,beach,collecting,marine;Ne prélevez que les coquilles vides. Marée basse idéale pour la recherche.;
TAN106;Musée de l'Histoire Naturelle;Tanger;culture;Collection de minéraux, fossiles et spécimens naturalisés de la faune marocaine dans un cadre historique.;low;1.5;afternoon;tanger,natural history,fossils,minerals,wildlife;Spécimens bien présentés. Section géologie particulièrement intéressante.;
TAN107;Circuit des Panoramas;Tanger;nature;Visite des différents points de vue offrant les plus belles vues sur la ville, la mer et les montagnes environnantes.;free;3;sunset;tanger,viewpoints,panorama,photography,scenic;Transport nécessaire entre les points. Coucher de soleil spectaculaire depuis certains sites.;
TAN108;Jardin des Fontaines;Tanger;nature;Jardin agrémenté de multiples fontaines et jets d'eau créant une ambiance rafraîchissante et sonore apaisante.;free;1;afternoon;tanger,fountains,water features,garden,cool;Agréable par temps chaud. Effet rafraîchissant des éclaboussures.;
TAN109;Atelier de Marqueterie;Tanger;culture;Atelier spécialisé dans la marqueterie de bois précieux créant des tables, boîtes et objets décoratifs complexes.;high;1;afternoon;tanger,marquetry,woodwork,inlay,precious wood;Précision extrême du travail. Pièces uniques faites sur commande.;
TAN110;Plage des Pêcheurs;Tanger;nature;Plage où les pêcheurs locaux amarrent leurs barques traditionnelles. Scènes de vie authentiques et photos pittoresques.;free;1;morning;tanger,fishermen,boats,traditional,authentic;Respectez l'espace de travail des pêcheurs. Demandez la permission avant de photographier les personnes.;
TAN111;Musée de la Mode;Tanger;culture;Exposition sur l'histoire de la mode à Tanger, des costumes traditionnels à l'influence des designers internationaux.;medium;1.5;afternoon;tanger,fashion,clothing,history,design;Expositions temporaires sur des créateurs marocains contemporains. Certaines pièces sont spectaculaires.;
TAN112;Circuit des Jardins;Tanger;nature;Visite des principaux jardins et parcs de Tanger, des jardins andalous aux espaces verts modernes.;free;3;morning;tanger,gardens tour,parks,greenery,landscaping;Meilleure visite au printemps. Chaussures confortables indispensables.;
TAN113;Jardin des Sculptures;Tanger;culture;Jardin présentant des sculptures contemporaines d'artistes marocains et internationaux dans un cadre naturel.;free;1.5;afternoon;tanger,sculpture garden,art,contemporary,outdoor;Dialogue intéressant entre art et nature. Œuvres renouvelées régulièrement.;
TAN114;Atelier de Ferronnerie;Tanger;culture;Atelier de ferronnerie d'art créant des grilles, rampes et objets décoratifs en fer forgé selon des motifs traditionnels.;medium;1;morning;tanger,ironwork,wrought iron,metalwork,craft;Bruit intense mais travail impressionnant. Commandes personnalisées possibles.;
TAN115;Plage des Sportifs;Tanger;nature;Plage équipée pour les sports de plage : volleyball, football, badminton. Ambiance dynamique et active.;free;2;morning;tanger,sports beach,volleyball,football,active;Équipement parfois disponible à la location. Tournois improvisés fréquents.;
TAN116;Musée des Transports;Tanger;histoire;Collection de moyens de transport historiques utilisés à Tanger : calèches, premiers tramways, automobiles anciennes.;low;1.5;afternoon;tanger,transport,vehicles,history,mobility;Évolution intéressante des transports urbains. Maquettes et photographies historiques.;
TAN117;Circuit Gastronomique;Tanger;shopping;Découverte des spécialités culinaires de Tanger à travers plusieurs dégustations dans des établissements authentiques.;high;3;evening;tanger,food, tasting,gastronomy,restaurants;Arrivez en ayant faim. Combinaison de street food et restaurants assis.;
TAN118;Jardin des Oiseaux Migrateurs;Tanger;nature;Zone humide et jardin aménagé pour observer les oiseaux migrateurs qui traversent le détroit de Gibraltar.;free;2;morning;tanger,birdwatching,migratory birds,wetland,wildlife;Jumelles indispensables. Meilleure observation pendant les périodes de migration (printemps/automne).;
TAN119;Atelier de Papier Artisanal;Tanger;culture;Atelier produisant du papier artisanal à base de fibres naturelles, utilisé pour la calligraphie et les arts graphiques.;medium;1.5;afternoon;tanger,paper making,craft,stationery,artisan;Processus fascinant de fabrication. Papier de haute qualité pour dessin et écriture.;
TAN120;Plage des Familles;Tanger;nature;Plage particulièrement adaptée aux familles avec enfants : faible profondeur, surveillée, équipements sanitaires.;free;2.5;morning;tanger,family beach,children,safe,amenities;Plage surveillée en saison. Aires de jeux pour enfants à proximité.;
TAN121;Musée de l'Art Islamique;Tanger;culture;Collection d'art islamique incluant manuscrits enluminés, céramiques, textiles et objets métalliques des différentes dynasties marocaines.;medium;2;afternoon;tanger,islamic art,manuscripts,history,religion;Calligraphies magnifiques. Comprendre l'évolution des styles artistiques islamiques.;
TAN122;Circuit du Street Food;Tanger;shopping;Découverte des meilleurs stands de street food de la médina, des brochettes aux pâtisseries traditionnelles.;low;2;evening;tanger,street food,snacks,local,tasting;Hygiène variable, choisissez les stands fréquentés. Petit budget suffit pour goûter plusieurs spécialités.;
TAN123;Jardin des Arbres Remarquables;Tanger;nature;Collection d'arbres exceptionnels par leur âge, taille ou rareté, certains étant classés monuments naturels.;free;1.5;morning;tanger,trees,specimens,rare,monument;Étiquettes informatives sur chaque arbre. Certains ont plus de 200 ans.;
TAN124;Atelier de Teinture Naturelle;Tanger;culture;Atelier utilisant des pigments naturels (plantes, minéraux) pour teindre les textiles selon des méthodes traditionnelles.;low;1;afternoon;tanger,dyeing,natural pigments,textiles,craft;Couleurs étonnantes obtenues de sources naturelles. Processus écologique.;
TAN125;Plage des Dauphins;Tanger;nature;Zone côtière où l'on peut parfois observer des dauphins nageant non loin du rivage, surtout tôt le matin.;free;1.5;morning;tanger,dolphins,wildlife,ocean,observation;Observation non garantie. Jumelles utiles. Respectez la distance avec les animaux.;
TAN126;Musée de la Diplomatie;Tanger;histoire;Exposition sur le rôle de Tanger comme ville internationale et siège de nombreuses légations étrangères au 19e-20e siècles.;free;1.5;afternoon;tanger,diplomacy,international,history,politics;Histoire complexe des relations internationales. Documents d'archives fascinants.;
TAN127;Circuit des Ateliers d'Artistes;Tanger;culture;Visite des ateliers d'artistes contemporains de Tanger, avec rencontres et découverte des processus créatifs.;free;3;afternoon;tanger,artists studios,contemporary art,creative process;Réservation nécessaire. Journées portes ouvertes parfois organisées.;
TAN128;Jardin des Papillons de Nuit;Tanger;nature;Jardin spécialement aménagé avec des plantes attirant les papillons de nuit, observables au crépuscule.;free;1;evening;tanger,moths,night garden,crepuscular,insects;Visite guidée recommandée. Lampes spéciales pour l'observation.;
TAN129;Atelier de Céramique Berbère;Tanger;culture;Atelier perpétuant les techniques de poterie berbère traditionnelle, avec motifs géométriques caractéristiques.;low;1.5;morning;tanger,berber pottery,traditional,geometric,craft;Style distinctif des différentes régions berbères. Techniques ancestrales préservées.;
TAN130;Plage des Surfers Expérimentés;Tanger;nature;Spot de surf réservé aux surfeurs confirmés, avec vagues puissantes et conditions parfois difficiles.;free;2;morning;tanger,surf,advanced,waves,challenge;Pour surfeurs expérimentés seulement. Courants parfois forts.;
TAN131;Musée de la Presse;Tanger;histoire;Histoire de la presse à Tanger, ville qui a accueilli de nombreux journaux et magazines internationaux.;free;1;afternoon;tanger,press,journalism,newspapers,media;Collections de journaux historiques. Importance de Tanger comme centre médiatique.;
TAN132;Circuit des Parfums;Tanger;shopping;Découverte des senteurs de Tanger à travers ses marchés d'épices, fleurs et essences naturelles.;medium;2;morning;tanger,scents,fragrances,spices,flowers;Sensibilité olfactive mise à l'épreuve. Créez votre propre mélange souvenir.;
TAN133;Jardin des Plantes Médicinales;Tanger;nature;Jardin éducatif présentant les plantes utilisées dans la pharmacopée traditionnelle marocaine.;free;1.5;morning;tanger,medicinal plants,healing,traditional medicine;Plantes étiquetées avec leurs usages thérapeutiques. Ateliers sur les remèdes naturels parfois proposés.;
TAN134;Atelier de Menuiserie Traditionnelle;Tanger;culture;Atelier de menuiserie utilisant des techniques et outils traditionnels pour créer des meubles et objets en bois.;medium;1;afternoon;tanger,woodworking,furniture,traditional tools,craft;Bois locaux utilisés. Meubles solides et durables.;
TAN135;Plage des Couchers de Soleil;Tanger;nature;Plage particulièrement réputée pour la beauté de ses couchers de soleil sur l'Atlantique.;free;1.5;sunset;tanger,sunset,beach,romantic,photography;Arrivez au moins 30 minutes avant le coucher du soleil. Photos spectaculaires garanties.;
TAN136;Musée de la Cartographie;Tanger;histoire;Collection de cartes anciennes du Maroc et du détroit de Gibraltar, montrant l'évolution des connaissances géographiques.;low;1;afternoon;tanger,cartography,maps,geography,history;Cartes magnifiquement dessinées. Perception changeante du monde à travers les siècles.;
TAN137;Circuit des Écrivains;Tanger;culture;Visite des cafés, hôtels et résidences où ont vécu et écrit les auteurs célèbres de la Beat Generation et autres.;medium;2.5;afternoon;tanger,writers,literary history,cafes,beat generation;Guide spécialisé enrichit l'expérience. Lecture des œuvres concernées recommandée.;
TAN138;Jardin des Cactées Géantes;Tanger;nature;Collection de cactus de grande taille, certains atteignant plusieurs mètres de hauteur, dans un cadre paysager impressionnant.;free;1;morning;tanger,giant cactus,succulents,garden,spectacular;Plantes impressionnantes par leur taille. Prudence avec les épines.;
TAN139;Atelier de Tissage de Tapis;Tanger;culture;Atelier où des artisanes tissent des tapis selon des motifs et techniques transmis de mère en fille.;high;1.5;morning;tanger,carpet weaving,women,traditional patterns,craft;Temps de réalisation impressionnant pour un tapis. Qualité variable selon les nœuds au mètre carré.;
TAN140;Plage des Windsurfers;Tanger;nature;Spot idéal pour le windsurf grâce aux vents constants et à l'espace disponible sur l'eau.;medium;2;morning;tanger,windsurfing,water sports,wind,beach;Location d'équipement sur place. Cours pour débutants disponibles.;
TAN141;Musée de l'Archéologie Sous-Marine;Tanger;histoire;Exposition d'objets remontés d'épaves antiques dans le détroit de Gibraltar, témoignage du commerce maritime ancien.;medium;1.5;afternoon;tanger,underwater archaeology,shipwrecks,antiquity,sea;Objets bien préservés malgré leur séjour en mer. Histoire du commerce méditerranéen.;
TAN142;Circuit des Panoramas Nocturnes;Tanger;nature;Visite des points de vue offrant les plus belles vues nocturnes sur la ville illuminée et les bateaux dans le détroit.;free;2;evening;tanger,night views, city lights,panorama,evening;Vestes chaudes recommandées le soir. Photos de nuit nécessitent un trépied.;
TAN143;Jardin des plantes aromatiques;Tanger;nature;Jardin spécialisé dans les plantes aromatiques utilisées dans la cuisine marocaine : menthe, persil, coriandre, etc.;free;1;morning;tanger,aromatic plants,cooking,herbs,garden;Cueillette parfois autorisée. Ateliers culinaires utilisant ces herbes.;
TAN144;Atelier de Marqueterie de Nacre;Tanger;culture;Atelier spécialisé dans l'incrustation de nacre et autres matériaux précieux dans le bois pour créer des objets décoratifs.;high;1;afternoon;tanger,mother of pearl,inlay,decorative,precious;Travail d'une précision extrême. Pièces de collection uniques.;
TAN145;Plage des Bodyboarders;Tanger;nature;Spot idéal pour le bodyboard avec vagues régulières et fond de sable pour plus de sécurité.;low;2;morning;tanger,bodyboarding,waves,sand bottom,beach;Location de planches disponibles. Convient aux adolescents et adultes.;
TAN146;Musée des Arts Décoratifs;Tanger;culture;Collection d'objets décoratifs marocains : lanternes, miroirs, plateaux en cuivre, objets en laiton ciselé.;low;1.5;afternoon;tanger,decorative arts,home decor,traditional,craftsmanship;Inspiration pour la décoration intérieure. Techniques artisanales détaillées.;
TAN147;Circuit des Ruines;Tanger;histoire;Visite des sites archéologiques et ruines autour de Tanger, témoins des différentes civilisations qui s'y sont succédé.;free;3;morning;tanger,ruins,archaeology,history,ancient;Guide recommandé pour comprendre les sites. Chaussures de marche indispensables.;
TAN148;Jardin des plantes grimpantes;Tanger;nature;Jardin aménagé avec des tonnelles, pergolas et structures supportant une grande variété de plantes grimpantes.;free;1;afternoon;tanger,climbing plants,pergola,garden,shade;Agréable par temps chaud. Effet visuel spectaculaire lors de la floraison.;
TAN149;Atelier de Fabrication de lanternes;Tanger;culture;Atelier créant des lanternes traditionnelles en métal percé, produisant des jeux d'ombre et de lumière magiques.;medium;1;afternoon;tanger,lanterns,metalwork,light,shadow;Effet magique quand elles sont allumées. Différentes tailles disponibles.;
TAN150;Plage des Kitesurfers;Tanger;nature;Spot réputé pour le kitesurf grâce aux vents constants et à l'espace dégagé sur la plage et l'eau.;high;2.5;morning;tanger,kitesurfing,wind sports,extreme,beach;Cours nécessaires pour débuter. Équipement de location disponible.;
TAN151;Musée de la Musique Andalouse;Tanger;culture;Dédié à la musique andalouse marocaine, tradition musicale raffinée préservée à Tanger depuis des siècles.;low;1.5;afternoon;tanger,andalusi music,tradition,refined,heritage;Concerts occasionnels. Instruments spécifiques à cette tradition.;
TAN152;Circuit des Galeries d'Art;Tanger;culture;Visite des principales galeries d'art de Tanger, de l'art traditionnel à l'art contemporain le plus avant-gardiste.;free;3;afternoon;tanger,art galleries,contemporary,traditional,exhibitions;Gratuit mais certaines ventes en cours. Rencontre possible avec des galeristes.;
TAN153;Jardin des plantes succulentes;Tanger;nature;Collection de plantes succulentes aux formes étranges et fascinantes, adaptées aux conditions arides.;free;1;morning;tanger,succulents,drought tolerant,strange forms,garden;Étonnante diversité de formes et de textures. Soins minimaux nécessaires.;
TAN154;Atelier de Poterie pour enfants;Tanger;culture;Atelier spécialement conçu pour initier les enfants à la poterie avec des activités adaptées à leur âge.;medium;1.5;afternoon;tanger,pottery,children,workshop,creative;Réservation nécessaire. Les enfants repartent avec leurs créations.;
TAN155;Plage des naturistes;Tanger;nature;Zone de plage tolérée pour la pratique du naturisme, discrète et respectueuse de l'environnement.;free;2;morning;tanger,nudist beach,discreet,nature,respect;Respect strict des règles de discrétion et de propreté. Zone non officielle mais tolérée.;
TAN156;Musée des Instruments Scientifiques;Tanger;histoire;Collection d'instruments scientifiques anciens utilisés dans les observatoires et laboratoires de Tanger.;low;1;afternoon;tanger,scientific instruments,history,science,technology;Instruments parfois encore fonctionnels. Histoire des sciences au Maroc.;
TAN157;Circuit des Fontaines Historiques;Tanger;culture;Visite des fontaines publiques historiques de Tanger, points d'eau essentiels dans la vie traditionnelle de la médina.;free;2;morning;tanger,fountains,history,water,public spaces;Architecture variée des fontaines. Rôle social important dans le passé.;
TAN158;Jardin des plantes tinctoriales;Tanger;nature;Jardin de plantes utilisées traditionnellement pour produire des colorants naturels pour les textiles.;free;1.5;morning;tanger,dye plants,color,textiles,traditional;Couleurs étonnantes obtenues de sources végétales. Ateliers de teinture parfois organisés.;
TAN159;Atelier de Sculpture sur Pierre;Tanger;culture;Atelier où des artisans sculptent la pierre locale pour créer des éléments architecturaux et décoratifs.;medium;1;afternoon;tanger,stone carving,sculpture,architecture,craft;Pierre extraite localement. Travail physique impressionnant.;
TAN160;Plage des Paddleboards;Tanger;nature;Plage calme idéale pour la pratique du paddleboard, avec eaux tranquilles et peu de courant.;medium;1.5;morning;tanger,paddleboarding,calm water,beach,sports;Location de planches disponible. Cours d'initiation rapide.;
TAN161;Musée de la Chasse;Tanger;histoire;Collection d'armes de chasse historiques, trophées et récits de chasse dans la région de Tanger au 19e-20e siècles.;low;1;afternoon;tanger,hunting,weapons,history,sport;Context historique important. Évolution des pratiques de chasse.;
TAN162;Circuit des Hôtels Historiques;Tanger;culture;Visite des hôtels légendaires de Tanger ayant accueilli célébrités, écrivains et personnages historiques.;free;2.5;afternoon;tanger,historic hotels,architecture,celebrity,legends;Certains hôtels permettent la visite des parties communes. Photos d'époque exposées.;
TAN163;Jardin des plantes carnivores;Tanger;nature;Collection de plantes carnivores dans des conditions contrôlées, avec explications sur leurs mécanismes de capture.;low;1;afternoon;tanger,carnivorous plants,insects,biology,garden;Fascinant mécanisme de survie. Nourrissage parfois démontré.;
TAN164;Atelier de Marqueterie de Paille;Tanger;culture;Atelier spécialisé dans la marqueterie de paille, technique délicate créant des effets de lumière uniques.;high;1;afternoon;tanger,straw marquetry,delicate,light effect,craft;Travail d'une minutie extrême. Effets visuels changeant avec la lumière.;
TAN165;Plage des Chiens;Tanger;nature;Plage autorisant les chiens en liberté, avec zone spécifique pour leur baignade et jeux.;free;1.5;morning;tanger,dog friendly beach,pets,animals,swimming;Pour chiens bien éduqués. Ramassez après votre animal.;
TAN166;Musée de la Bicyclette;Tanger;histoire;Collection de bicyclettes anciennes, illustrant l'évolution de ce moyen de transport à Tanger.;free;1;afternoon;tanger,bicycles,history,transport,vintage;Modèles rares et bien restaurés. Rôle important dans la mobilité urbaine historique.;
TAN167;Circuit des Ambassades;Tanger;culture;Visite des anciens bâtiments d'ambassades et légations dans le quartier international de Tanger.;free;2;afternoon;tanger,embassies,diplomacy,architecture,international;Architecture variée selon les pays. Histoire diplomatique complexe.;
TAN168;Jardin des plantes d'ombre;Tanger;nature;Jardin aménagé dans une zone ombragée présentant des plantes adaptées à faible luminosité.;free;1;afternoon;tanger,shade plants,garden,low light,botany;Agréable par journée ensoleillée. Plantes souvent à feuillage décoratif.;
TAN169;Atelier de Céramique Contemporaine;Tanger;culture;Atelier d'artistes créant des céramiques contemporaines, mélangeant techniques traditionnelles et designs modernes.;medium;1.5;afternoon;tanger,contemporary ceramics,art,modern design,craft;Pièces uniques et artistiques. Inspiration marocaine réinterprétée.;
TAN170;Plage des Jongleurs;Tanger;nature;Plage où se réunissent amateurs de jonglage et autres arts du cirse, ambiance détendue et créative.;free;1.5;evening;tanger,juggling,beach,circus arts,community;Participation souvent bienvenue. Spectacles improvisés fréquents.;
TAN171;Musée de l'Aviation;Tanger;histoire;Histoire de l'aviation à Tanger, premier aéroport international du Maroc et plaque tournante du trafic aérien.;low;1.5;afternoon;tanger,aviation,airport,history,planes;Maquettes d'avions historiques. Rôle stratégique pendant la Seconde Guerre mondiale.;
TAN172;Circuit des Cinémas Disparus;Tanger;culture;Visite des sites des anciens cinémas de Tanger, nombreux dans les années 1950-1970, aujourd'hui transformés ou disparus.;free;2;afternoon;tanger,cinemas,history,entertainment,architecture;Histoire du divertissement à Tanger. Photos d'époque montrant l'ambiance passée.;
TAN173;Jardin des plantes résistantes au sel;Tanger;nature;Jardin côtier présentant des plantes adaptées aux embruns et sols salins, importantes pour la fixation des dunes.;free;1;morning;tanger,salt tolerant plants,coastal,dunes,ecology;Rôle écologique important. Adaptation fascinante aux conditions difficiles.;
TAN174;Atelier de Vitrail;Tanger;culture;Atelier créant des vitraux pour mosquées, églises et bâtiments privés, mélangeant traditions islamiques et chrétiennes.;high;1.5;afternoon;tanger,stained glass,windows,religious,craft;Jeux de lumière magnifiques. Commandes pour bâtiments historiques.;
TAN175;Plage des Yoga;Tanger;nature;Plage où se pratiquent régulièrement des séances de yoga collectives au lever du soleil.;free;1;morning;tanger,yoga,beach,wellness,sunrise;Séances souvent gratuites ou à participation libre. Tapis parfois fournis.;
TAN176;Musée du Théâtre;Tanger;culture;Histoire du théâtre à Tanger, des troupes traditionnelles aux compagnies contemporaines internationales.;low;1.5;afternoon;tanger,theater,performance,history,culture;Costumes de scène, affiches, programmes. Importance culturelle du théâtre dans la ville.;
TAN177;Circuit des Panoramas Urbains;Tanger;nature;Visite des toits-terrasses et belvédères offrant des vues sur la ville, la médina et l'architecture urbaine.;free;2.5;sunset;tanger,rooftops,urban views,architecture,panorama;Accès parfois limité. Autorisation nécessaire pour certains toits.;
TAN178;Jardin des plantes à parfum;Tanger;nature;Jardin de plantes utilisées dans la parfumerie traditionnelle marocaine : rose, jasmin, orange, géranium.;free;1;morning;tanger,perfume plants,scents,fragrance,garden;Senteurs enivrantes selon les saisons. Ateliers de distillation parfois organisés.;
TAN179;Atelier de Restauration d'Art;Tanger;culture;Atelier spécialisé dans la restauration d'œuvres d'art et objets anciens, utilisant des techniques traditionnelles et scientifiques.;high;1;afternoon;tanger,art restoration,conservation,antique,techniques;Travail invisible mais essentiel. Projets complexes parfois en cours.;
TAN180;Plage des Photographes;Tanger;nature;Plage particulièrement photogénique à certaines heures, avec formations rocheuses et lumière spéciale.;free;1.5;golden hour;tanger,photography,beach,scenic,light;Heure dorée idéale pour la photographie. Marée basse révèle des formations intéressantes.;
TAN181;Musée de la Danse;Tanger;culture;Histoire des danses traditionnelles marocaines et leur évolution, avec costumes, instruments et vidéos documentaires.;low;1.5;afternoon;tanger,dance,tradition,costumes,performance;Danses spécifiques à différentes régions. Importance sociale et culturelle.;
TAN182;Circuit des Maisons d'Écrivains;Tanger;culture;Visite des maisons où ont vécu des écrivains célèbres, certaines transformées en musées ou lieux de mémoire.;medium;2.5;afternoon;tanger,writers houses,literature,history,museums;Atmosphère particulière de ces lieux de création. Souvenirs personnels des auteurs.;
TAN183;Jardin des plantes couvre-sol;Tanger;nature;Jardin présentant des plantes couvre-sol adaptées au climat méditerranéen, solutions pour jardins secs.;free;1;morning;tanger,ground cover plants,drought tolerant,garden,landscaping;Solutions écologiques pour l'aménagement paysager. Réduction de l'évaporation.;
TAN184;Atelier de Livre d'Art;Tanger;culture;Atelier créant des livres d'artistes, œuvres uniques mêlant techniques d'impression, reliure et création artistique.;high;1.5;afternoon;tanger,artist books,printing,binding,unique;Pièces uniques ou en très petite série. Fusion de littérature et arts visuels.;
TAN185;Plage des Cerfs-Volants;Tanger;nature;Plage venteuse idéale pour le cerf-volant, avec compétitions informelles et familles pratiquant cette activité.;free;1.5;afternoon;tanger,kite flying,beach,wind,family;Location de cerfs-volants parfois disponible. Compétitions amicales fréquentes.;
TAN186;Musée de la Publicité;Tanger;histoire;Collection d'affiches publicitaires anciennes de Tanger et du Maroc, reflet de l'évolution sociale et commerciale.;free;1;afternoon;tanger,advertising,posters,history,commerce;Design graphique historique. Reflet des modes et produits de différentes époques.;
TAN187;Circuit des Églises et Synagogues;Tanger;religion;Visite des lieux de culte chrétiens et juifs historiques de Tanger, témoins de la diversité religieuse passée.;free;2.5;morning;tanger,churches,synagogues,religion,diversity;Histoire de la cohabitation religieuse. Architecture adaptée au contexte local.;
TAN188;Jardin des plantes de garrigue;Tanger;nature;Jardin reproduisant l'écosystème de garrigue méditerranéenne avec ses plantes aromatiques et sa végétation basse.;free;1;morning;tanger,garrique,mediterranean,ecosystem,aromatic;Parfums caractéristiques de la garrigue. Plantes résistantes à la sécheresse.;
TAN189;Atelier de Mosaïque Contemporaine;Tanger;culture;Atelier créant des mosaïques contemporaines utilisant des matériaux innovants tout en respectant les techniques traditionnelles.;medium;1.5;afternoon;tanger,contemporary mosaic,art,innovation,craft;Fusion entre tradition et modernité. Commandes pour espaces publics et privés.;
TAN190;Plage des Châteaux de Sable;Tanger;nature;Plage au sable particulièrement adapté à la construction de châteaux et sculptures de sable, compétitions occasionnelles.;free;2;morning;tanger,sand castles,beach,children,competition;Concours parfois organisés le week-end. Outils de base parfois prêtés.;
TAN191;Musée des Jeux Traditionnels;Tanger;culture;Collection de jeux traditionnels marocains et instruments de divertissement anciens, avec règles expliquées.;low;1.5;afternoon;tanger,traditional games,entertainment,history,culture;Certains jeux peuvent être essayés. Importance sociale des jeux dans la culture.;
TAN192;Circuit des Villas Coloniales;Tanger;architecture;Visite des villas coloniales du début du 20e siècle, architecture éclectique et histoire des familles qui y vivaient.;free;3;afternoon;tanger,colonial villas,architecture,history,residential;Quartiers résidentiels historiques. Styles architecturaux variés.;
TAN193;Jardin des plantes à bulbes;Tanger;nature;Jardin présentant des plantes à bulbes méditerranéennes fleurissant à différentes saisons.;free;1;spring;tanger,bulb plants,flowers,seasonal,garden;Spectaculaire au printemps. Planification pour une floraison échelonnée.;
TAN194;Atelier de Reliure Traditionnelle;Tanger;culture;Atelier perpétuant l'art traditionnel de la reliure de livres, avec techniques manuelles et matériaux nobles.;medium;1;afternoon;tanger,bookbinding,traditional,craft,books;Reliures faites à la main. Commandes pour livres précieux.;
TAN195;Plage des Pêcheurs à la Ligne;Tanger;nature;Plage où se pratiquent la pêche à la ligne depuis la côte, ambiance détendue et conviviale entre pêcheurs.;free;1.5;evening;tanger,fishing,beach,relaxed,community;Techniques variées selon les pêcheurs. Partage des prises parfois.;
TAN196;Musée de la Mode Masculine;Tanger;culture;Histoire du vêtement masculin marocain, du caftan traditionnel aux influences occidentales modernes.;low;1;afternoon;tanger,men fashion,clothing,history,culture;Évolution des codes vestimentaires. Costumes historiques bien conservés.;
TAN197;Circuit des Panoramas Maritimes;Tanger;nature;Visite des points de vue sur la mer, observation du trafic maritime intense dans le détroit de Gibraltar.;free;2;afternoon;tanger,sea views,shipping,strait,observation;Trafic maritime constant. Identification des différents types de navires.;
TAN198;Jardin des plantes de rocaille;Tanger;nature;Jardin aménagé avec des rochers naturels présentant des plantes adaptées aux crevasses et terrains pierreux.;free;1;morning;tanger,rock garden,plants,stones,landscaping;Aménagement paysager naturel. Plantes souvent de petite taille mais résistantes.;
TAN199;Atelier de Tapisserie;Tanger;culture;Atelier créant des tapisseries murales selon des techniques traditionnelles, avec motifs géométriques ou figuratifs.;high;1.5;afternoon;tanger,tapestry,wall hanging,traditional,craft;Temps de réalisation long pour les grandes pièces. Commandes sur mesure possibles.;
TAN200;Plage des Cours de Sport;Tanger;nature;Plage où des entraîneurs proposent des cours collectifs de fitness, yoga, pilates en plein air.;medium;1;morning;tanger,fitness classes,beach,exercise,wellness;Réservation parfois nécessaire. Différents niveaux proposés.;
TAN201;Musée des Arts du Feu;Tanger;culture;Dédié aux arts utilisant le feu : verrerie, céramique, métallurgie, avec démonstrations techniques.;low;1.5;afternoon;tanger,fire arts,glass,ceramics,metal;Démonstrations parfois programmées. Techniques anciennes expliquées.;
TAN202;Circuit des Hôtels Particuliers;Tanger;architecture;Visite des hôtels particuliers historiques de la médina, architecture raffinée et cours intérieures cachées.;medium;2.5;afternoon;tanger,mansions,architecture,courtyards,hidden;Accès parfois limité. Beauté des espaces intérieurs insoupçonnée depuis la rue.;
TAN203;Jardin des plantes aquatiques;Tanger;nature;Jardin avec bassins présentant des plantes aquatiques et de berges, créant un écosystème miniature.;free;1;morning;tanger,aquatic plants,ponds,water garden,ecosystem;Faune aquatique attirée. Ambiance paisible et rafraîchissante.;
TAN204;Atelier d'Enluminure;Tanger;culture;Atelier spécialisé dans l'enluminure de manuscrits, perpétuant cet art ancien avec des pigments naturels.;high;1.5;afternoon;tanger,illumination,manuscripts,ancient art,pigments;Patience et précision extrêmes. Commandes pour documents officiels ou artistiques.;
TAN205;Plage des Régates;Tanger;nature;Plage servant de point de départ et d'arrivée pour les régates de voile locales, ambiance sportive et festive.;free;2;weekend;tanger,sailing regattas,beach,sports,community;Événements annoncés à l'avance. Ambiance festive pendant les compétitions.;
TAN206;Musée des Communications;Tanger;histoire;Évolution des moyens de communication à Tanger : télégraphe, téléphone, radio, jusqu'à internet.;low;1;afternoon;tanger,communications,technology,history,media;Objets techniques historiques. Rôle de Tanger comme carrefour des communications.;
TAN207;Circuit des Panoramas Côtiers;Tanger;nature;Visite des points de vue le long de la côte, observation des différentes formations géologiques et plages.;free;3;morning;tanger,coastal views,geology,beaches,nature;Transport nécessaire entre les points. Diversité des paysages côtiers.;
TAN208;Jardin des plantes tinctoriales indigènes;Tanger;nature;Jardin de plantes locales utilisées traditionnellement pour teindre les textiles et la laine.;free;1.5;morning;tanger,indigenous dye plants,local,textiles,tradition;Couleurs spécifiques à la région. Plantes parfois rares.;
TAN209;Atelier de Sculpture sur Bois;Tanger;culture;Atelier où des artisans sculptent le bois pour créer des éléments décoratifs, meubles et objets d'art.;medium;1;afternoon;tanger,wood carving,sculpture,furniture,craft;Différents bois utilisés selon les projets. Techniques manuelles traditionnelles.;
TAN210;Plage des Cours de Natation;Tanger;nature;Plage avec zone délimitée et surveillée pour les cours de natation, idéale pour les débutants et enfants.;medium;1.5;morning;tanger,swimming lessons,beach,children,beginners;Moniteurs diplômés. Sécurité accrue pour l'apprentissage.;
TAN211;Musée des Instruments de Mesure;Tanger;histoire;Collection d'instruments de mesure anciens : balances, mesures de capacité, instruments géodésiques.;low;1;afternoon;tanger,measuring instruments,history,science,commerce;Standardisation historique des mesures. Instruments parfois complexes.;
TAN212;Circuit des Cimetières Historiques;Tanger;histoire;Visite des cimetières historiques de différentes communautés, reflet de la diversité culturelle de Tanger.;free;2;morning;tanger,cemeteries,history,communities,diversity;Respect et discrétion nécessaires. Architecture funéraire variée.;
TAN213;Jardin des plantes médicinales sauvages;Tanger;nature;Jardin présentant des plantes médicinales poussant à l'état sauvage dans la région, avec leurs propriétés.;free;1.5;morning;tanger,wild medicinal plants,healing,nature,traditional;Cueillette responsable expliquée. Plantes parfois menacées.;
TAN214;Atelier de Restauration de Tapis;Tanger;culture;Atelier spécialisé dans la restauration de tapis anciens, avec techniques de réparation invisibles.;high;1;afternoon;tanger,carpet restoration,antique,repair,craft;Travail minutieux. Valeur des tapis parfois multipliée après restauration.;
TAN215;Plage des Cours de Sauvetage;Tanger;nature;Plage où sont organisés des cours et démonstrations de sauvetage en mer par les sauveteurs professionnels.;free;1.5;weekend;tanger,rescue training,beach,safety,demonstration;Démonstrations impressionnantes. Conseils de sécurité importants.;
TAN216;Musée des Arts Graphiques;Tanger;culture;Dédié aux arts graphiques : gravure, lithographie, sérigraphie, avec ateliers et expositions.;medium;1.5;afternoon;tanger,graphic arts,printing,exhibitions,workshops;Ateliers parfois ouverts au public. Techniques d'impression expliquées.;
TAN217;Circuit des Panoramas Urbains Historiques;Tanger;architecture;Visite des points de vue historiques représentés dans les peintures et photographies anciennes de Tanger.;free;2;afternoon;tanger,historic views,painting,photography,comparison;Comparaison avec des reproductions d'œuvres anciennes. Évolution du paysage urbain.;
TAN218;Jardin des plantes comestibles sauvages;Tanger;nature;Jardin présentant des plantes sauvages comestibles de la région, avec dégustations et recettes.;free;1.5;spring;tanger,wild edible plants,foraging,food,nature;Cueillette responsable enseignée. Dégustations selon les saisons.;
TAN219;Atelier de Ferblanterie;Tanger;culture;Atelier créant et réparant des objets en fer-blanc : lanternes, récipients, objets utilitaires.;low;1;morning;tanger,tinware,utilitarian,craft,repair;Objets du quotidien traditionnels. Techniques de fabrication manuelle.;
TAN220;Plage des Compétitions de Beach Volley;Tanger;nature;Plage avec terrains aménagés pour le beach volley, accueillant compétitions locales et tournois.;free;2;weekend;tanger,beach volleyball,competitions,sports,tournaments;Ambiance sportive et conviviale. Participations parfois ouvertes aux visiteurs.;
TAN221;Musée des Arts du Spectacle;Tanger;culture;Histoire des arts du spectacle à Tanger : théâtre, opéra, marionnettes, avec costumes et accessoires.;low;1.5;afternoon;tanger,performing arts,theater,opera,puppetry;Costumes de scène spectaculaires. Histoire des troupes locales.;
TAN222;Circuit des Panoramas Nocturnes Urbains;Tanger;nature;Visite nocturne des points de vue sur la ville illuminée, ambiance différente de la journée.;free;2;evening;tanger,night city views,lights,urban,evening;Sécurité en groupe recommandée. Photos nécessitant des réglages spéciaux.;
TAN223;Jardin des plantes à baies;Tanger;nature;Jardin présentant des arbustes à baies comestibles ou décoratives, avec périodes de fructification.;free;1;autumn;tanger,berry plants,fruit,garden,seasonal;Baies parfois utilisées en cuisine traditionnelle. Attirent les oiseaux.;
TAN224;Atelier de Dorure;Tanger;culture;Atelier spécialisé dans la dorure à la feuille d'or sur bois, cadre et objets d'art.;high;1;afternoon;tanger,gilding,gold leaf,art,decoration;Technique ancestrale. Brillant incomparable de l'or véritable.;
TAN225;Plage des Cours de Planche à Voile;Tanger;nature;Plage idéale pour l'apprentissage de la planche à voile, avec zone protégée et moniteurs expérimentés.;high;2;morning;tanger,windsurfing lessons,beach,sports,learning;Cours pour tous niveaux. Équipement fourni pendant les cours.;
TAN226;Musée des Arts Textiles;Tanger;culture;Histoire des textiles marocains : broderies, tissages, techniques de fabrication et motifs symboliques.;medium;1.5;afternoon;tanger,textile arts,embroidery,weaving,symbolism;Motifs chargés de sens. Techniques complexes expliquées.;
TAN227;Circuit des Panoramas Littoraux Protégés;Tanger;nature;Visite des zones côtières protégées pour leur valeur écologique, avec observation de la faune et flore spécifiques.;free;3;morning;tanger,protected coast,ecology,wildlife,nature;Respect strict des règles de protection. Observation discrète de la faune.;
TAN228;Jardin des plantes aromatiques médicinales;Tanger;nature;Jardin combinant plantes aromatiques et médicinales, utilisées en cuisine et pharmacopée traditionnelle.;free;1.5;morning;tanger,aromatic medicinal plants,healing,cooking,garden;Double usage des plantes. Ateliers sur les préparations traditionnelles.;
TAN229;Atelier de Marqueterie de Métal;Tanger;culture;Atelier spécialisé dans la marqueterie de métaux précieux insérés dans le bois pour créer des effets décoratifs.;high;1;afternoon;tanger,metal marquetry,precious metals,wood,decoration;Combinaison de matériaux nobles. Pièces de grande valeur.;
TAN230;Plage des Cours de Surf pour Enfants;Tanger;nature;Plage avec vagues adaptées et moniteurs spécialisés pour initier les enfants au surf en toute sécurité.;medium;2;morning;tanger,children surfing lessons,beach,sports,safety;Équipement adapté aux enfants. Approche pédagogique spécifique.;
TAN231;Musée des Arts du Cuir;Tanger;culture;Histoire du travail du cuir au Maroc : tannage, maroquinerie, techniques de décoration.;low;1.5;afternoon;tanger,leather arts,tanning,craft,history;Processus de tannage traditionnel. Objets en cuir de différentes régions.;
TAN232;Circuit des Panoramas sur les Montagnes;Tanger;nature;Visite des points de vue sur les montagnes entourant Tanger, avec sentiers de randonnée accessibles.;free;3;morning;tanger,mountain views,hiking,panorama,nature;Chaussures de randonnée indispensables. Vues spectaculaires par temps clair.;
TAN233;Jardin des plantes d'intérieur locales;Tanger;nature;Jardin présentant des plantes de la région qui peuvent être cultivées en intérieur, avec conseils d'entretien.;free;1;afternoon;tanger,indoor plants,local,houseplants,care;Adaptation des plantes locales à la culture en pot. Conseils pour différents intérieurs.;
TAN234;Atelier de Restauration de Céramique;Tanger;culture;Atelier spécialisé dans la restauration de céramiques anciennes, avec techniques de réparation invisibles.;high;1.5;afternoon;tanger,ceramic restoration,antique,repair,craft;Travail de précision. Colleurs spéciaux pour différentes céramiques.;
TAN235;Plage des Cours de Bodyboard;Tanger;nature;Plage avec vagues adaptées au bodyboard et moniteurs pour cours d'initiation et perfectionnement.;medium;1.5;morning;tanger,bodyboarding lessons,beach,sports,waves;Équipement fourni pendant les cours. Technique plus accessible que le surf classique.;
TAN236;Musée des Arts du Métal;Tanger;culture;Histoire du travail des métaux au Maroc : fer, cuivre, laiton, argent, avec techniques de forge et ciselure.;medium;1.5;afternoon;tanger,metal arts,forging,engraving,history;Outils traditionnels. Objets utilitaires et décoratifs.;
TAN237;Circuit des Panoramas sur la Médina;Tanger;architecture;Visite des points de vue offrant des perspectives sur la médina, son tissu urbain dense et son architecture.;free;2;afternoon;tanger,medina views,architecture,urban,panorama;Compréhension de l'organisation urbaine traditionnelle. Photos montrant la densité du bâti.;
TAN238;Jardin des plantes de climat aride;Tanger;nature;Jardin présentant des plantes adaptées aux conditions arides, avec stratégies de survie expliquées.;free;1;morning;tanger,arid climate plants,drought,adaptation,garden;Stratégies fascinantes de conservation de l'eau. Solutions pour jardins secs.;
TAN239;Atelier de Sculpture sur Pierre Taille;Tanger;culture;Atelier spécialisé dans la taille de pierre pour éléments architecturaux : colonnes, linteaux, décors.;medium;1;afternoon;tanger,stone carving,architecture,craft,construction;Travail physique intense. Commandes pour restaurations de monuments.;
TAN240;Plage des Cours de Secourisme;Tanger;nature;Plage où sont organisés des cours de secourisme et premiers soins en milieu marin, ouverts au public.;free;2;weekend;tanger,first aid training,beach,safety,education;Formations pratiques. Certificats parfois délivrés.;
TAN241;Musée des Arts du Verre;Tanger;culture;Histoire du travail du verre au Maroc : soufflage, vitrail, techniques de décoration.;low;1.5;afternoon;tanger,glass arts,blowing,stained glass,history;Objets en verre de différentes époques. Techniques expliquées.;
TAN242;Circuit des Panoramas sur le Port;Tanger;nature;Visite des points de vue sur le port de Tanger-Med et le port traditionnel, observation de l'activité maritime.;free;2;afternoon;tanger,port views,shipping,maritime,observation;Contraste entre port traditionnel et moderne. Trafic maritime intense.;
TAN243;Jardin des plantes grimpantes fruitières;Tanger;nature;Jardin présentant des plantes grimpantes produisant des fruits : vignes, kiwis, passiflores.;free;1.5;summer;tanger,climbing fruit plants,garden,harvest,seasonal;Fruits selon les saisons. Double intérêt ornemental et alimentaire.;
TAN244;Atelier de Restauration de Verre;Tanger;culture;Atelier spécialisé dans la restauration d'objets en verre anciens : vitraux, verrerie, miroirs.;high;1;afternoon;tanger,glass restoration,antique,repair,craft;Techniques spécifiques au verre. Colleurs spéciaux pour différentes époques.;
TAN245;Plage des Cours de Sauvetage Sportif;Tanger;nature;Plage où s'entraînent les sauveteurs sportifs, avec démonstrations de techniques de sauvetage en conditions réelles.;free;1.5;morning;tanger,sport rescue training,beach,demonstration,safety;Techniques impressionnantes. Formations intensives parfois observables.;
TAN246;Musée des Arts du Papier;Tanger;culture;Histoire de la fabrication du papier au Maroc, techniques traditionnelles et évolution vers la production moderne.;low;1;afternoon;tanger,paper arts,manufacture,history,craft;Papiers traditionnels à base de fibres naturelles. Qualités spécifiques pour différents usages.;
TAN247;Circuit des Panoramas sur les Collines;Tanger;nature;Visite des points de vue sur les collines entourant Tanger, avec végétation méditerranéenne caractéristique.;free;2.5;morning;tanger,hills views,mediterranean vegetation,panorama,nature;Végétation adaptée au climat. Vues dégagées sur l'ensemble de la région.;
TAN248;Jardin des plantes à floraison nocturne;Tanger;nature;Jardin présentant des plantes qui fleurissent ou dégagent leur parfum la nuit, visite crépusculaire spéciale.;free;1;evening;tanger,night flowering plants,fragrance,evening,garden;Visite guidée recommandée. Expérience sensorielle différente.;
TAN249;Atelier de Reliure d'Art;Tanger;culture;Atelier créant des reliures artistiques uniques pour livres d'artistes ou éditions limitées.;high;1.5;afternoon;tanger,art binding,unique,limited edition,craft;Pièces uniques. Combinaison de techniques traditionnelles et créatives.;
TAN250;Plage des Compétitions de Natation;Tanger;nature;Plage organisant des compétitions de natation en mer, avec parcours balisés et chronométrage.;free;2;weekend;tanger,swimming competitions,beach,sports,events;Événements annoncés à l'avance. Ambiance sportive et festive.;
TAN251;Musée des Arts du Bois;Tanger;culture;Histoire du travail du bois au Maroc : menuiserie, marqueterie, sculpture, avec essences locales et techniques.;medium;1.5;afternoon;tanger,wood arts,joinery,sculpture,history;Essences de bois locales. Outils traditionnels de travail du bois.;
TAN252;Circuit des Panoramas sur la Baie;Tanger;nature;Visite des points de vue sur la grande baie de Tanger, avec observation des changements de lumière selon l'heure.;free;2;sunset;tanger,bay views,light changes,panorama,scenic;Changements spectaculaires de lumière. Photos à différentes heures recommandées.;
TAN253;Jardin des plantes de terrain acide;Tanger;nature;Jardin présentant des plantes adaptées aux sols acides, avec amendements naturels expliqués.;free;1;morning;tanger,acid soil plants,garden,soil,adaptation;Plantes spécifiques à ces conditions. Gestion naturelle des sols expliquée.;
TAN254;Atelier de Restauration de Bois;Tanger;culture;Atelier spécialisé dans la restauration d'objets et meubles en bois anciens, avec techniques de conservation.;high;1.5;afternoon;tanger,wood restoration,antique,conservation,craft;Respect des techniques et matériaux d'origine. Valeur historique préservée.;
TAN255;Plage des Cours de Yoga Avancé;Tanger;nature;Plage où se pratiquent des séances de yoga avancé, avec enseignants expérimentés et ambiance concentrée.;medium;1.5;sunrise;tanger,advanced yoga,beach,wellness,sunrise;Pour pratiquants confirmés. Concentration et discipline requises.;
TAN256;Musée des Arts de la Table;Tanger;culture;Histoire des arts de la table marocains : vaisselle, coutellerie, nappage, traditions culinaires de présentation.;low;1;afternoon;tanger,table arts,culinary,presentation,tradition;Évolution des codes de présentation. Vaisselle traditionnelle et moderne.;
TAN257;Circuit des Panoramas sur le Détroit;Tanger;nature;Visite des points de vue sur le détroit de Gibraltar, observation du passage entre deux continents.;free;2;afternoon;tanger,strait views,continents,shipping,geography;Perspective unique sur la rencontre de deux mers et deux continents. Trafic maritime constant.;
TAN258;Jardin des plantes de terrain calcaire;Tanger;nature;Jardin présentant des plantes adaptées aux sols calcaires, fréquents dans la région méditerranéenne.;free;1;morning;tanger,calcareous soil plants,garden,limestone,adaptation;Plantes spécifiques à ces conditions. Gestion des sols calcaires expliquée.;
TAN259;Atelier de Restauration de Métal;Tanger;culture;Atelier spécialisé dans la restauration d'objets en métal anciens : ferronnerie, armurerie, objets domestiques.;high;1;afternoon;tanger,metal restoration,antique,repair,craft;Techniques anti-corrosion. Respect des patines historiques.;
TAN260;Plage des Cours de Voile Traditionnelle;Tanger;nature;Plage où sont enseignées les techniques de voile traditionnelle sur des embarcations locales.;high;2.5;morning;tanger,traditional sailing lessons,beach,sports,heritage;Embarcations traditionnelles. Techniques de navigation ancestrales.;
TAN261;Musée des Arts du Feuillage;Tanger;culture;Histoire de l'utilisation des feuillages dans l'artisanat marocain : vannerie, décoration, utilisations symboliques.;low;1;afternoon;tanger,foliage arts,basketry,decoration,symbolism;Plantes utilisées selon les régions. Techniques de préparation des fibres.;
TAN262;Circuit des Panoramas sur les Jardins;Tanger;nature;Visite des points de vue sur les principaux jardins de Tanger, compréhension de leur intégration dans le paysage urbain.;free;2.5;morning;tanger,garden views,landscape,urban,integration;Planification paysagère. Rôle des espaces verts dans la ville.;
TAN263;Jardin des plantes de sous-bois;Tanger;nature;Jardin recréant les conditions d'un sous-bois méditerranéen, avec plantes d'ombre et de fraîcheur.;free;1;afternoon;tanger,understory plants,shade,woodland,garden;Ambiance fraîche et ombragée. Plantes spécifiques à cet étage de végétation.;
TAN264;Atelier de Restauration de Textile;Tanger;culture;Atelier spécialisé dans la restauration de textiles anciens : tapisseries, costumes, tissus d'ameublement.;high;1.5;afternoon;tanger,textile restoration,antique,repair,craft;Techniques de conservation délicates. Stabilisation des fibres anciennes.;
TAN265;Plage des Cours de Plongée Libre;Tanger;nature;Plage organisant des cours de plongée libre (apnée) avec moniteurs certifiés et équipement adapté.;high;2;morning;tanger,freediving lessons,beach,sports,underwater;Pour nageurs confirmés. Techniques de respiration et sécurité.;
TAN266;Musée des Arts de l'Eau;Tanger;culture;Histoire des techniques de gestion de l'eau au Maroc : norias, khettaras, fontaines, systèmes d'irrigation.;low;1.5;afternoon;tanger,water arts,irrigation,management,history;Ingéniosité des systèmes traditionnels. Adaptation au climat aride.;
TAN267;Circuit des Panoramas sur les Quartiers Modernes;Tanger;architecture;Visite des points de vue sur les quartiers modernes de Tanger, architecture contemporaine et urbanisme récent.;free;2;afternoon;tanger,modern quarters views,architecture,contemporary,urbanism;Évolution urbaine récente. Contrastes avec la médina historique.;
TAN268;Jardin des plantes de rocaille alpine;Tanger;nature;Jardin présentant des plantes de rocaille d'origine alpine adaptées au climat méditerranéen.;free;1;spring;tanger,alpine rock garden,plants,mountain,adaptation;Plantes de haute montagne adaptées. Floraison printanière spectaculaire.;
TAN269;Atelier de Restauration de Peinture;Tanger;culture;Atelier spécialisé dans la restauration de peintures anciennes, avec techniques scientifiques et artistiques.;high;1.5;afternoon;tanger,painting restoration,art,conservation,science;Analyse scientifique des pigments et supports. Techniques réversibles de restauration.;
TAN270;Plage des Cours de Kayak de Mer;Tanger;nature;Plage organisant des cours de kayak de mer, exploration de la côte depuis l'eau en toute sécurité.;medium;2;morning;tanger,sea kayaking lessons,beach,sports,exploration;Équipement fourni. Exploration de criques et grottes accessibles par la mer.;
TAN271;Musée des Arts du Luminaire;Tanger;culture;Histoire de l'éclairage au Maroc : lampes à huile, lanternes, lustres, évolution vers l'éclairage moderne.;low;1;afternoon;tanger,lighting arts,lamps,lanterns,history;Objets fonctionnels et décoratifs. Évolution des techniques d'éclairage.;
TAN272;Circuit des Panoramas sur les Sites Archéologiques;Tanger;histoire;Visite des points de vue sur les sites archéologiques autour de Tanger, compréhension de leur implantation.;free;3;morning;tanger,archaeological sites views,history,landscape,location;Implantation stratégique des sites anciens. Relation avec le paysage et les ressources.;
TAN273;Jardin des plantes de marais salant;Tanger;nature;Jardin présentant des plantes adaptées aux conditions de marais salants, écosystème spécifique du littoral.;free;1.5;morning;tanger,salt marsh plants,coastal,ecosystem,wetland;Plantes halophytes. Rôle écologique important de ces zones.;
TAN274;Atelier de Restauration de Céramique Architecturale;Tanger;culture;Atelier spécialisé dans la restauration de céramiques architecturales : zelliges, faïences, carreaux de revêtement.;high;1.5;afternoon;tanger,architectural ceramic restoration,zellige,tiles,craft;Techniques spécifiques aux revêtements muraux. Reproduction des motifs traditionnels.;
TAN275;Plage des Cours de Sauvetage avec Embarcation;Tanger;nature;Plage où sont enseignées les techniques de sauvetage avec embarcations : paddleboard, kayak, bateaux de sauvetage.;high;2;morning;tanger,rescue boat training,beach,safety,techniques;Formation professionnelle parfois observable. Techniques spécifiques aux différents types d'embarcations.;
TAN276;Musée des Arts de la Construction;Tanger;architecture;Histoire des techniques de construction marocaines : pisé, pierre, bois, avec outils et méthodes traditionnelles.;medium;1.5;afternoon;tanger,construction arts,building,techniques,history;Adaptation au climat et aux matériaux locaux. Durabilité des techniques traditionnelles.;
TAN277;Circuit des Panoramas sur les Zones Industrielles;Tanger;économie;Visite des points de vue sur les zones industrielles et portuaires modernes, compréhension du développement économique récent.;free;2;afternoon;tanger,industrial zones views,economy,development,modern;Impact économique visible. Organisation des zones d'activité.;
TAN278;Jardin des plantes de falaise maritime;Tanger;nature;Jardin présentant des plantes adaptées aux falaises maritimes, conditions extrêmes de vent et embruns.;free;1;morning;tanger,sea cliff plants,coastal,wind,salt spray;Adaptations fascinantes aux conditions difficiles. Plantes souvent de petite taille.;
TAN279;Atelier de Restauration de Vitraux;Tanger;culture;Atelier spécialisé dans la restauration de vitraux anciens, avec techniques de conservation du verre et des plombs.;high;1.5;afternoon;tanger,stained glass restoration,antique,conservation,craft;Travail de précision sur verre fragile. Respect des techniques historiques de fabrication.;
TAN280;Plage des Cours de Triathlon;Tanger;nature;Plage servant de base pour des entraînements de triathlon, combinant natation, cyclisme et course à pied.;medium;3;morning;tanger,triathlon training,beach,sports,multisport;Pour sportifs confirmés. Parcours d'entraînement varié.;
TAN281;Musée des Arts du Jardin;Tanger;culture;Histoire de l'art des jardins au Maroc : jardins andalous, riads, agdal, avec principes esthétiques et techniques.;low;1.5;afternoon;tanger,garden arts,landscaping,aesthetics,history;Principes d'organisation des jardins traditionnels. Symbolique des plantes et agencements.;
TAN282;Circuit des Panoramas sur les Parcs Naturels;Tanger;nature;Visite des points de vue sur les parcs naturels environnants, observation de paysages préservés et biodiversité.;free;3;morning;tanger,natural parks views,landscape,biodiversity,preserved;Zones protégées. Observation de la faune et flore sauvages.;
TAN283;Jardin des plantes de prairie méditerranéenne;Tanger;nature;Jardin recréant une prairie méditerranéenne, avec plantes annuelles et vivaces caractéristiques.;free;1;spring;tanger,mediterranean meadow plants,prairie,annuals,seasonal;Floraison printanière spectaculaire. Plantes adaptées aux sols pauvres.;
TAN284;Atelier de Restauration de Livres Anciens;Tanger;culture;Atelier spécialisé dans la restauration de livres anciens, avec techniques de conservation du papier et des reliures.;high;2;afternoon;tanger,antique book restoration,conservation,paper,binding;Travail délicat sur documents fragiles. Préservation du patrimoine écrit.;
TAN285;Musée de l'Horlogerie;Tanger;histoire;Collection d'horloges et montres anciennes, illustrant l'évolution de la mesure du temps au Maroc.;low;1;afternoon;tanger,horology,timepieces,history,craftsmanship;Horloges monumentales des mosquées et édifices publics. Mécanismes complexes.;
TAN286;Circuit des Échoppes Centenaires;Tanger;shopping;Visite des boutiques familiales existant depuis plus d'un siècle, transmises de génération en génération.;free;2;morning;tanger,historic shops,family,tradition,commerce;Produits souvent inchangés. Rencontrez les propriétaires qui ont des histoires à raconter.;
TAN287;Jardin des plantes à feuillage argenté;Tanger;nature;Jardin thématique présentant des plantes au feuillage argenté ou gris, adaptées à la réflexion de la lumière.;free;1;afternoon;tanger,silver foliage plants,drought,reflection,garden;Effet visuel frais et lumineux. Plantes très résistantes à la sécheresse.;
TAN288;Atelier de Fabrication de Tambours;Tanger;culture;Atelier artisanal où sont fabriqués des tambours et autres instruments de percussion traditionnels.;low;1;morning;tanger,drum making,percussion,music,craft;Peaux animales et bois locaux utilisés. Testez les instruments.;
TAN289;Plage des Cours de Kitesurf pour Débutants;Tanger;nature;Zone de plage spécifique avec conditions idéales et moniteurs pour une première expérience de kitesurf en sécurité.;high;2.5;morning;tanger,beginner kitesurfing lessons,beach,sports,safety;Équipement moderne et sécurisé. Progression rapide dans des conditions contrôlées.;
TAN290;Musée des Arts du Feutre;Tanger;culture;Histoire et techniques de fabrication du feutre traditionnel marocain, utilisé pour les tapis et vêtements.;low;1;afternoon;tanger,felt arts,craft,textiles,tradition;Technique de feutrage de la laine. Produits chauds et résistants.;
TAN291;Circuit des Cours et Patios Cachés;Tanger;architecture;Découverte des cours intérieures et patios secrets de la médina, invisibles depuis la rue.;free;2;afternoon;tanger,hidden courtyards,architecture,secrets,medina;Demandez poliment aux résidents pour jeter un coup d'œil. Architecture domestique traditionnelle.;
TAN292;Jardin des plantes persistantes;Tanger;nature;Jardin conçu pour être vert toute l'année avec une sélection de plantes au feuillage persistant.;free;1;all year;tanger,evergreen plants,garden,all seasons,foliage;Intérêt visuel constant. Structure du jardin toujours visible.;
TAN293;Atelier de Fabrication de Savon Artisanal;Tanger;culture;Atelier produisant des savons traditionnels à l'huile d'olive et aux plantes aromatiques locales.;low;1;morning;tanger,soap making,olive oil,aromatic,craft;Processus de saponification à froid. Dégustation olfactive. Produits naturels.;
TAN294;Plage des Chiens Guides;Tanger;nature;Plage réservée aux chiens guides d'aveugle et leurs maîtres, environnement calme et adapté.;free;1;morning;tanger,guide dog beach,accessibility,animals,calm;Respectez l'espace de travail des chiens guides. Ne les distrayez pas.;
TAN295;Musée de la Philatélie;Tanger;histoire;Collection spécialisée de timbres-poste émis au Maroc et à Tanger, avec histoire postale unique de la zone internationale.;low;1.5;afternoon;tanger,philately,stamps,postal history,collection;Timbres rares de la période internationale. Exposition thématique.;
TAN296;Circuit des Anciens Cinémas en Activité;Tanger;culture;Visite des rares cinémas traditionnels encore en activité, projection de films marocains et internationaux.;low;2;evening;tanger,active cinemas,film,tradition,entertainment;Programmation souvent en version originale. Ambiance rétro et authentique.;
TAN297;Jardin des plantes à feuillage pourpre;Tanger;nature;Jardin présentant des plantes au feuillage pourpre, violet ou noir, créant des contrastes dramatiques.;free;1;afternoon;tanger,purple foliage plants,drama,contrast,garden;Effets colorés spectaculaires. Meilleur ensoleillement pour intensifier les couleurs.;
TAN298;Atelier de Poterie pour Décorateurs;Tanger;culture;Atelier collaboratif où designers et potiers créent des collections limitées de céramique contemporaine.;high;2;afternoon;tanger,designer pottery,collaboration,contemporary,limited edition;Pièces uniques ou en petite série. Fusion d'art et de design.;
TAN299;Plage des Régates Traditionnelles;Tanger;nature;Événement annuel de courses de bateaux à rames traditionnels, héritage maritime de la région.;free;3;weekend;tanger,traditional regattas,boats,heritage,event;Date annuelle fixe (souvent en été). Ambiance festive et culturelle.;
TAN300;Observatoire des Oiseaux du Détroit;Tanger;nature;Station d'observation scientifique dédiée à l'étude des oiseaux migrateurs traversant le détroit de Gibraltar.;free;1.5;morning;tanger,bird observatory,migration,science,research;Matériel d'observation fourni. Comptages et baguages parfois visibles.;
